IC_GROUP0;IC_GROUP1;IC_GROUP2;IE_NAME;IE_CODE;IE_PREVIEW_TEXT;IE_PREVIEW_PICTURE;IE_DETAIL_PICTURE
BoneTrust;абатменты;CAD/CAM;266-FB5015 CONE PLUS;266-fb5015-cone-plus;CAD/CAM абатмент FlexBase hex, 15°, ;129.jpg;129.jpg
BoneTrust;абатменты;CAD/CAM;266-FB5000 CONE PLUS;266-fb5000-cone-plus;CAD/CAM абатмент FlexBase hex, 0°, ;128.jpg;128.jpg
BoneTrust;абатменты;CAD/CAM;266-305000 CONE PLUS;266-305000-cone-plus;CAD/CAM титанвая основа CONE 0° для Cerec, ;125_32_891.jpg;125_32_891.jpg
BoneTrust;абатменты;CAD/CAM;266-303440 CONE PLUS;266-303440-cone-plus;CAD/CAM титанвая основа CONE 0° для Cerec, ;125.jpg;125.jpg
BoneTrust;абатменты;CAD/CAM;266-153000 CONE PLUS;266-153000-cone-plus;CAD/CAM клеящая основа из титана, 15°, 0,5 мм, ;121.jpg;121.jpg
BoneTrust;абатменты;CAD/CAM;266-005000 CONE PLUS;266-005000-cone-plus;CAD/CAM клеящая основа из титана, 0°, 0,5 мм, ;119.jpg;119.jpg
BoneTrust;абатменты;CAD/CAM;266-003430 CONE PLUS;266-003430-cone-plus;CAD/CAM клеящая основа из титана, 0°, высота 3 мм, ;117.png;117.png
BoneTrust;абатменты;CAD/CAM;166-FB5015 HEX PLUS;166-fb5015-hex-plus;CAD/CAM абатмент FlexBase hex, 15°;54.jpg;54.jpg
BoneTrust;абатменты;CAD/CAM;166-303440 HEX PLUS;166-303440-hex-plus;CAD/CAM титановая основа HEX 0° для Cerec, ;47.jpg;47.jpg
BoneTrust;абатменты;CAD/CAM;166-003440 Hex Plus;166-003440-hex-plus;Основа титановая для соединения импланта с абатментом. d=3,4/4,0 мм. h=0,5 мм;rmt746364499686161097.jpg;rmt746364499686161097.jpg
BoneTrust;абатменты;CAD/CAM;166-344052 Cone Plus;166-344052-cone-plus;Колпачок для сканирования для CAD/CAM клеящей основы из титана, ;50.jpg;50.jpg
BoneTrust;абатменты;CAD/CAM;166-344053 Cone Plus;166-344053-cone-plus;Колпачок для сканирования для CAD/CAM клеящей основы из титана, ;50_18_127.jpg;50_18_127.jpg
BoneTrust;абатменты;CAD/CAM;166-344051 Cone Plus;166-344051-cone-plus;Колпачок для сканирования для CAD/CAM абатментa FlexBase, 0°/15°;49.png;49.png
BoneTrust;абатменты;CAD/CAM;166-203440 Hex plus;166-203440-hex-plus;Защитный десневой колпачок для титановой основы Cerec, ;46_42_956.jpg;46_42_956.jpg
BoneTrust;абатменты;CAD/CAM;166-315000 Cone Plus;166-315000-cone-plus;Защитный десневой колпачок для титановой основы Cerec, ;48_94_526.png;48_94_526.png
BoneTrust;абатменты;CAD/CAM;166-313440 Cone Plus;166-313440-cone-plus;Защитный десневой колпачок для титановой основы Cerec, ;48.png;48.png
BoneTrust;абатменты;CAD/CAM;266-203440 Cone Plus;266-203440-cone-plus;Клеящая основа из титана cone+, короткая , ;124.png;124.png
BoneTrust;абатменты;CAD/CAM;266-003440 Cone Plus;266-003440-cone-plus;CAD/CAM титановая основа для Cerec, ;118.jpg;118.jpg
BoneTrust;абатменты;CAD/CAM;266-155000 Cone Plus;266-155000-cone-plus;CAD/CAM клеящая основа из титана;123_82_882.jpg;123_82_882.jpg
BoneTrust;абатменты;CAD/CAM;266-153400 Cone Plus;266-153400-cone-plus;CAD/CAM клеящая основа из титана, 15°, ;122.jpg;122.jpg
BoneTrust;абатменты;CAD/CAM;266-003400 Cone Plus;266-003400-cone-plus;Абатмент конический магнитный. 0°, ;116.png;116.png
BoneTrust;абатменты;CAD/CAM;266-003000 Cone Plus;266-003000-cone-plus;CAD/CAM клеящая основа из титана, ;115.png;115.png
BoneTrust;абатменты;CAD/CAM;166-155000 Hex Plus;166-155000-hex-plus;CAD/CAM клеящая основа из титана, 15°, ;46.jpg;46.jpg
BoneTrust;абатменты;CAD/CAM;166-153400 Hex Plus;166-153400-hex-plus;CAD/CAM клеящая основа из титана, 15°, ;45_3_886.jpg;45_3_886.jpg
BoneTrust;абатменты;CAD/CAM;166-153000 Hex Plus;166-153000-hex-plus;CAD/CAM клеящая основа из титана, 15°, ;45.jpg;45.jpg
BoneTrust;абатменты;CAD/CAM;166-005000 Hex Plus;166-005000-hex-plus;CAD/CAM клеящая основа из титана, 0°, ;43.jpg;43.jpg
BoneTrust;абатменты;CAD/CAM;166-003430 Hex Plus;166-003430-hex-plus;CAD/CAM клеящая основа из титана, 0°, ;42.jpg;42.jpg
BoneTrust;абатменты;CAD/CAM;166-003400 Hex Plus;166-003400-hex-plus;CAD/CAM клеящая основа из титана, 0°, ;41_76_811.jpg;41_76_811.jpg
BoneTrust;абатменты;CAD/CAM;166-003000 Hex Plus;166-003000-hex-plus;CAD/CAM клеящая основа из титана, 0°, ;40_8_70.jpg;40_8_70.jpg
BoneTrust;абатменты;CAD/CAM;166-FB5000 Hex plus;166-fb5000-hex-plus;CAD/CAM Абатмент FlexBase hex, 0°, ;53.jpg;53.jpg
BoneTrust;абатменты;CAD/CAM;166-FB3415 Hex plus;166-fb3415-hex-plus;CAD/CAM Абатмент FlexBase hex, 0°, ;52.jpg;52.jpg
BoneTrust;абатменты;CAD/CAM;166-FB3400 Hex Plus;166-fb3400-hex-plus;CAD/CAM Абатмент FlexBase hex, 0°, ;51_14_231.jpg;51_14_231.jpg
BoneTrust;абатменты;CAD/CAM;266-FB3415 Cone Plus;266-fb3415-cone-plus;CAD/CAM абатмент FlexBase 15°, ;127.jpg;127.jpg
BoneTrust;абатменты;CAD/CAM;266-FB3400 cone plus;266-fb3400-cone-plus;CAD/CAM абатмент FlexBase 0° ;126.jpg;126.jpg
BoneTrust;абатменты;Lucky Lock;161-344050 HEX PLUS;161-344050-hex-plus;Абатмент Lucky Lock с набором матриц из 4 элементов, высота десны 5 мм, ;23_98_203.jpg;23_98_203.jpg
BoneTrust;абатменты;Lucky Lock;161-344040 HEX PLUS;161-344040-hex-plus;Абатмент Lucky Lock с набором матриц из 4 элементов, высота десны 4 мм, ;23.jpg;23.jpg
BoneTrust;абатменты;Lucky Lock;161-344020 HEX PLUS;161-344020-hex-plus;Абатмент Lucky Lock с набором матриц из 4 элементов, высота десны 2 мм, ;21.jpg;21.jpg
BoneTrust;абатменты;Lucky Lock;161-344010 HEX PLUS;161-344010-hex-plus;Абатмент Lucky Lock с набором матриц из 4 элементов, высота десны 1 мм, ;_20_tif_61_495.jpg;_20_tif_61_495.jpg
BoneTrust;абатменты;Lucky Lock;161-303030 HEX PLUS;161-303030-hex-plus;Абатмент Lucky Lock с набором матриц из 4 элементов, высота десны 3 мм, ;_20_tif_36_916.jpg;_20_tif_36_916.jpg
BoneTrust;абатменты;Lucky Lock;161-303010 HEX PLUS;161-303010-hex-plus;Абатмент Lucky Lock с набором матриц из 4 элементов, высота десны 1 мм, ;_20_tif.jpg;_20_tif.jpg
BoneTrust;абатменты;Lucky Lock;161-010022 HEX PLUS;161-010022-hex-plus;Lucky Lock угловой адаптер;kartinka_19.jpg;kartinka_19.jpg
BoneTrust;абатменты;Lucky Lock;161-010021 HEX PLUS;161-010021-hex-plus;Lucky Lock сменная вставка, легкое, расширенное угловое искривление, 4 шт;kartinka_18_9_744.jpg;kartinka_18_9_744.jpg
BoneTrust;абатменты;Lucky Lock;161-010020 HEX PLUS;161-010020-hex-plus;Lucky Lock сменная вставка, зеленая, расширенное угловое искривление, 4 шт;kartinka_18_55_34.jpg;kartinka_18_55_34.jpg
BoneTrust;абатменты;Lucky Lock;161-010012 HEX PLUS;161-010012-hex-plus;Lucky Lock сменная вставка, синяя, очень легкая ретенция, 4 шт;kartinka_18_82_426.jpg;kartinka_18_82_426.jpg
BoneTrust;абатменты;Lucky Lock;161-010011 HEX PLUS;161-010011-hex-plus;Lucky Lock сменная вставка, розовая, легкая ретенция, 4 шт;kartinka_18_6_50.jpg;kartinka_18_6_50.jpg
BoneTrust;абатменты;Lucky Lock;161-010010 HEX PLUS;161-010010-hex-plus;Lucky Lock сменная вставка, прозрачная, нормальная ретенция, 4 шт;kartinka_18_12_528.jpg;kartinka_18_12_528.jpg
BoneTrust;абатменты;Lucky Lock;161-010004 HEX PLUS;161-010004-hex-plus;Lucky Lock набор матриц многокомпонентный, 4 шт;kartinka_18.jpg;kartinka_18.jpg
BoneTrust;абатменты;Lucky Lock;161-010002 Hex Plus;161-010002-hex-plus;Lucky Lock трансфер слепочный;kartinka_16.jpg;kartinka_16.jpg
BoneTrust;абатменты;Lucky Lock;161-010003 Hex Plus;161-010003-hex-plus;Lucky Lock лабораторный аналог;kartinka_17.jpg;kartinka_17.jpg
BoneTrust;абатменты;Lucky Lock;261-344030 Cone Plus;261-344030-cone-plus;Абатмент Lucky Lock, ;112.png;112.png
BoneTrust;абатменты;Lucky Lock;161-344030 Hex Plus;161-344030-hex-plus;Lucky Lock абатмент;22_96_902.jpg;22_96_902.jpg
BoneTrust;абатменты;Lucky Lock;161-010001 Hex Plus;161-010001-hex-plus;Lucky Lock абатмент, универсальный инструмент;kartinka_15.jpg;kartinka_15.jpg
BoneTrust;абатменты;Lucky Lock;161-00MINI Cone Plus;161-00mini-cone-plus;Абатмент Lucky Lock Mini, с набором матриц из 4 элементов;kartinka_14.jpg;kartinka_14.jpg
BoneTrust;абатменты;Lucky Lock;261-005030 CONE PLUS;261-005030-cone-plus;Абатмент Lucky Lock с набором матриц из 4 элементов, высота десны 3 мм, ;112_42_578.png;112_42_578.png
BoneTrust;абатменты;Lucky Lock;261-005020 CONE PLUS;261-005020-cone-plus;Абатмент Lucky Lock с набором матриц из 4 элементов, высота десны 2 мм, ;111.png;111.png
BoneTrust;абатменты;mini;240-180023 mini;240-180023-mini;Трансфер слепочный;98.jpg;98.jpg
BoneTrust;абатменты;mini;240-161230 mini;240-161230-mini;Шариковый винт с О-образной матрицей;95.jpg;95.jpg
BoneTrust;абатменты;mini;240-100014 mini;240-100014-mini;Фиксирующий винт M 1.4, 4 шт.;94.jpg;94.jpg
BoneTrust;абатменты;mini;240-185023 mini;240-185023-mini;Лабораторный аналог;99.png;99.png
BoneTrust;абатменты;mini;240-162317 mini;240-162317-mini;Аабатмент 17,5° с фиксирующим винтом и слепочным колпачком;97.png;97.png
BoneTrust;абатменты;mini;240-162300 mini;240-162300-mini;Абатмент 0° с фиксирующим винтом и слепочным колпачком;96.png;96.png
BoneTrust;абатменты;one;220-170030 One;220-170030-one;Формирователь десны;32_95_275.jpg;32_95_275.jpg
BoneTrust;абатменты;one;220-180030 One;220-180030-one;Слепочный колпачок;89.jpg;89.jpg
BoneTrust;абатменты;one;220-163050 One;220-163050-one;Мост на титановой основе;88_9_619.jpg;88_9_619.jpg
BoneTrust;абатменты;one;220-185030 One;220-185030-one;Лабораторный аналог;91.jpg;91.jpg
BoneTrust;абатменты;one;220-166030 One;220-166030-one;Колпачок для сканирования;90.jpg;90.jpg
BoneTrust;абатменты;one;220-163030 One;220-163030-one;Классическая основа тугоплавкого сплава;88.jpg;88.jpg
BoneTrust;абатменты;one;220-100001 One;220-100001-one;Винт фиксирующий;28_48_26.jpg;28_48_26.jpg
BoneTrust;абатменты;one;220-185040 One;220-185040-one;Аналог лабораторный моделировочный;92.jpg;92.jpg
BoneTrust;абатменты;one;220-160317 One;220-160317-one;Абатмент эстетический 17,5°;86.jpg;86.jpg
BoneTrust;абатменты;one;220-160300 One;220-160300-one;Абатмент эстетический 0°;85.jpg;85.jpg
BoneTrust;абатменты;one;220-161305 One;220-161305-one;Lucky Lock абатмент набор, скос 5,0 мм;87_65_890.jpg;87_65_890.jpg
BoneTrust;абатменты;one;220-161303 One;220-161303-one;Lucky Lock абатмент набор, скос 3,5 мм;87.jpg;87.jpg
BoneTrust;абатменты;UCLA;263-153400 Cone Plus;263-153400-cone-plus;Абатмент шестиугольный, ;rmt938244269838307353.jpg;rmt938244269838307353.jpg
BoneTrust;абатменты;UCLA;263-054000 Cone Plus;263-054000-cone-plus;Абатмент классический ;rmt21467858061874153374.jpg;rmt21467858061874153374.jpg
BoneTrust;абатменты;заживляющие;280-255000 CONE PLUS;280-255000-cone-plus;Слепочный трансфер для открытой ложки с фиксирующим винтом, длинный, ;72_17_241.jpg;72_17_241.jpg
BoneTrust;абатменты;заживляющие;280-254000 CONE PLUS;280-254000-cone-plus;Слепочный трансфер для открытой ложки с фиксирующим винтом, длинный, ;72_98_71.jpg;72_98_71.jpg
BoneTrust;абатменты;заживляющие;280-155000 CONE PLUS;280-155000-cone-plus;Слепочный трансфер для закрытой ложки с винтом и колпачком, длинный, ;138_74_79.jpg;138_74_79.jpg
BoneTrust;абатменты;заживляющие;280-154000 CONE PLUS;280-154000-cone-plus;Слепочный трансфер для закрытой ложки с винтом и колпачком, длинный, ;138_27_960.jpg;138_27_960.jpg
BoneTrust;абатменты;заживляющие;270-WB5050 CONE PLUS;270-wb5050-cone-plus;Формирователь десны Wide Body, высота десны 5.0 мм, ;137_89_65.png;137_89_65.png
BoneTrust;абатменты;заживляющие;270-005015 CONE PLUS;270-005015-cone-plus;Формирователь десны, высота десны 1,5 мм, ;133_6_356.png;133_6_356.png
BoneTrust;абатменты;заживляющие;270-004015 CONE PLUS;270-004015-cone-plus;Формирователь десны, высота десны 1,5 мм, ;133.png;133.png
BoneTrust;абатменты;заживляющие;270-003415 CONE PLUS;270-003415-cone-plus;Формирователь десны, высота десны 1,5 мм, ;130_32_495.png;130_32_495.png
BoneTrust;абатменты;заживляющие;270-003015 CONE PLUS;270-003015-cone-plus;Формирователь десны, высота десны 1,5 мм, ;130.png;130.png
BoneTrust;абатменты;заживляющие;190-300170 Hex Plus;190-300170-hex-plus;Планшет для заживляющих абатментов, необорудованный;rmt14609591511386198524.jpg;rmt14609591511386198524.jpg
BoneTrust;абатменты;заживляющие;270-WB5030 Cone Plus;270-wb5030-cone-plus;Формирователь десны Wide Body, ;136_8_47.png;136_8_47.png
BoneTrust;абатменты;заживляющие;270-WB3450 Cone Plus;270-wb3450-cone-plus;Формирователь десны Wide Body, ;137.png;137.png
BoneTrust;абатменты;заживляющие;270-WB3430 Cone Plus;270-wb3430-cone-plus;Формирователь десны Wide Body, ;136.png;136.png
BoneTrust;абатменты;заживляющие;270-103450 Cone Plus;270-103450-cone-plus;Формирователь десны, ;63_30_309.png;63_30_309.png
BoneTrust;абатменты;заживляющие;270-103430 Cone Plus;270-103430-cone-plus;Формирователь десны Switzerland, ;1_34_810.jpg;1_34_810.jpg
BoneTrust;абатменты;заживляющие;170-005050 Hex Plus;170-005050-hex-plus;Формирователь десны, ;60_converted_9_900.jpg;60_converted_9_900.jpg
BoneTrust;абатменты;заживляющие;170-005030 Hex plus;170-005030-hex-plus;Формирователь десны, ;59_49_700.jpg;59_49_700.jpg
BoneTrust;абатменты;заживляющие;170-005015 Hex Plus;170-005015-hex-plus;Формирователь десны, ;58_96_325.jpg;58_96_325.jpg
BoneTrust;абатменты;заживляющие;170-004050 Hex Plus;170-004050-hex-plus;Формирователь десны, ;60_converted_80_353.jpg;60_converted_80_353.jpg
BoneTrust;абатменты;заживляющие;170-004030 Hex Plus;170-004030-hex-plus;Формирователь десны, ;59_67_833.jpg;59_67_833.jpg
BoneTrust;абатменты;заживляющие;170-004015 Hex Plus;170-004015-hex-plus;Формирователь десны, ;58_84_808.jpg;58_84_808.jpg
BoneTrust;абатменты;заживляющие;170-003470 Hex Plus;170-003470-hex-plus;Формирователь десны,  3.4 мм/скос 7.0 мм;61.jpg;61.jpg
BoneTrust;абатменты;заживляющие;170-003450 Hex Plus;170-003450-hex-plus;Формирователь десны, ;60_converted.jpg;60_converted.jpg
BoneTrust;абатменты;заживляющие;170-003430 Hex Plus;170-003430-hex-plus;Формирователь десны, ;59_95_926.jpg;59_95_926.jpg
BoneTrust;абатменты;заживляющие;170-003415 Hex Plus;170-003415-hex-plus;Формирователь десны, ;58_99_297.jpg;58_99_297.jpg
BoneTrust;абатменты;заживляющие;170-003050 Hex Plus;170-003050-hex-plus;Формирователь десны, ;57.png;57.png
BoneTrust;абатменты;заживляющие;170-003030 Hex Plus;170-003030-hex-plus;Формирователь десны, ;56.png;56.png
BoneTrust;абатменты;заживляющие;170-003015 Hex Plus;170-003015-hex-plus;Формирователь десны, ;55.png;55.png
BoneTrust;абатменты;заживляющие;170-WB5050 Hex Plus;170-wb5050-hex-plus;Формирователь десны Wide Body, ;65_75_164.jpg;65_75_164.jpg
BoneTrust;абатменты;заживляющие;170-WB5030 Hex Plus;170-wb5030-hex-plus;Формирователь десны Wide Body, ;64_83_992.jpg;64_83_992.jpg
BoneTrust;абатменты;заживляющие;170-WB3450 Hex Plus;170-wb3450-hex-plus;Формирователь десны Wide Body, ;65.jpg;65.jpg
BoneTrust;абатменты;заживляющие;170-WB3430 Hex Plus;170-wb3430-hex-plus;Формирователь десны Wide Body, ;64.jpg;64.jpg
BoneTrust;абатменты;заживляющие;170-103450 Hex Plus;170-103450-hex-plus;Формирователь десны Switzerland, ;63.png;63.png
BoneTrust;абатменты;заживляющие;170-103430 Hex Plus;170-103430-hex-plus;Формирователь десны Switzerland, ;1_85_462.jpg;1_85_462.jpg
BoneTrust;абатменты;заживляющие;270-005050 Cone Plus;270-005050-cone-plus;Формирователь десны, ;135_25_732.png;135_25_732.png
BoneTrust;абатменты;заживляющие;270-005030 Cone Plus;270-005030-cone-plus;Формирователь десны, ;134_91_74.png;134_91_74.png
BoneTrust;абатменты;заживляющие;270-004050 Cone Plus;270-004050-cone-plus;Формирователь десны, ;135.png;135.png
BoneTrust;абатменты;заживляющие;270-004030 Cone Plus;270-004030-cone-plus;Формирователь десны, ;134.png;134.png
BoneTrust;абатменты;заживляющие;270-003470 Cone Plus;270-003470-cone-plus;Формирователь десны, ;132_4_339.png;132_4_339.png
BoneTrust;абатменты;заживляющие;270-003450 Cone Plus;270-003450-cone-plus;Формирователь десны, ;132_96_926.png;132_96_926.png
BoneTrust;абатменты;заживляющие;270-003430 Cone Plus;270-003430-cone-plus;Формирователь десны, ;131_27_478.png;131_27_478.png
BoneTrust;абатменты;заживляющие;270-003050 Cone Plus;270-003050-cone-plus;Формирователь десны, ;132.png;132.png
BoneTrust;абатменты;заживляющие;270-003030 Cone Plus;270-003030-cone-plus;Формирователь десны, ;131.png;131.png
BoneTrust;абатменты;прямые;266-103440 CONE PLUS;266-103440-cone-plus;Scan Abutment cone+, 3.4/4.0 mm, Peek;120.png;120.png
BoneTrust;абатменты;прямые;265-003010 CONE PLUS;265-003010-cone-plus;Абатмент прямой 0°, ;25_5_978.jpg;25_5_978.jpg
BoneTrust;абатменты;прямые;166-305000 HEX PLUS;166-305000-hex-plus;CAD/CAM титановая основа HEX 0° для Cerec, ;43_91_398.jpg;43_91_398.jpg
BoneTrust;абатменты;прямые;165-344052 CONE PLUS;165-344052-cone-plus;Direct Waxing Sleeve castable 3.4/4.0;38.jpg;38.jpg
BoneTrust;абатменты;прямые;165-344051 CONE PLUS;165-344051-cone-plus;AuroBase прямой абатмент с фиксирующим винтом, вид сплава NEM, ;37_15_202.jpg;37_15_202.jpg
BoneTrust;абатменты;прямые;165-344050 CONE PLUS;165-344050-cone-plus;AuroBase прямой абатмент с фиксирующим винтом, вид сплава HSL, ;37.jpg;37.jpg
BoneTrust;абатменты;прямые;165-203440 CONE PLUS;165-203440-cone-plus;База сканирования для прямого абатмента, ;33_23_505.png;33_23_505.png
BoneTrust;абатменты;прямые;165-203030 CONE PLUS;165-203030-cone-plus;База сканирования для прямого абатмента, ;33.png;33.png
BoneTrust;абатменты;прямые;165-161000 HEX PLUS;165-161000-hex-plus;Locky Lock абатмент прямой, комплект из 4 шт, включающий набор из 4 матриц, ;31.jpg;31.jpg
BoneTrust;абатменты;прямые;165-053015 HEX PLUS;165-053015-hex-plus;Auro Base прямой абатмент с фиксирующим винтом, вид сплава NEM, ;26_4_695.jpg;26_4_695.jpg
BoneTrust;абатменты;прямые;165-003015 HEX PLUS;165-003015-hex-plus;Auro Base прямой абатмент с фиксирующим винтом, вид сплава HSL, ;26.jpg;26.jpg
BoneTrust;абатменты;прямые;165-003010 HEX PLUS;165-003010-hex-plus;Абатмент прямой, высота десны 1.0, 0°, ;25.jpg;25.jpg
BoneTrust;абатменты;прямые;165-170000 Cone Plus;165-170000-cone-plus;Прямой формирователь десны, комплект из 4 шт.;32.jpg;32.jpg
BoneTrust;абатменты;прямые;165-153440 Cone Plus;165-153440-cone-plus;Трансфер слепочный по технологии „Репозиционирование“ с колпачком и фискирующим винтом;30.jpg;30.jpg
BoneTrust;абатменты;прямые;165-103440 Cone Plus;165-103440-cone-plus;Прямой операционный слепочный трансфер с винтом;29.jpg;29.jpg
BoneTrust;абатменты;прямые;165-344000 Cone Plus;165-344000-cone-plus;Лабораторный аналог прямого абатмента;36.jpg;36.jpg
BoneTrust;абатменты;прямые;165-303420 Cone Plus;165-303420-cone-plus;Абатмент конический магнитный 30°, ;35.jpg;35.jpg
BoneTrust;абатменты;прямые;165-203420 Cone Plus;165-203420-cone-plus;Абатмент конический магнитный 20°, ;34.jpg;34.jpg
BoneTrust;абатменты;прямые;165-003430 Cone Plus;165-003430-cone-plus;Абатмент конический магнитный 0°, ;27_36_630.jpg;27_36_630.jpg
BoneTrust;абатменты;прямые;165-003410 Cone Plus;165-003410-cone-plus;Абатмент конический магнитный 0°, ;27.jpg;27.jpg
BoneTrust;абатменты;прямые;165-003400 Cone Plus;165-003400-cone-plus;Титановое основание Direct, 3.4/4.0 мм;24_49_909.png;24_49_909.png
BoneTrust;абатменты;прямые;165-003000 Cone Plus;165-003000-cone-plus;Титановое основание Direct, 3.0 мм;24.png;24.png
BoneTrust;абатменты;прямые;165-344055 Cone Plus;165-344055-cone-plus;Винт фиксирующий операционный прямой;39.jpg;39.jpg
BoneTrust;абатменты;прямые;265-003410 cone Plus;265-003410-cone-plus;Абатмент эстетический 0°, ;27_(1).jpg;27_(1).jpg
BoneTrust;абатменты;прямые;265-303420 cone Plus;265-303420-cone-plus;Абатмент конический магнитный 30°, ;35_22_481.jpg;35_22_481.jpg
BoneTrust;абатменты;прямые;265-203420 cone Plus;265-203420-cone-plus;Абатмент конический магнитный 20°, ;34_39_521.jpg;34_39_521.jpg
BoneTrust;абатменты;эстетические;265-003430 CONE PLUS;265-003430-cone-plus;Абатмент прямой 0°, ;27_95_564.jpg;27_95_564.jpg
BoneTrust;абатменты;эстетические;261-344050 CONE PLUS;261-344050-cone-plus;Абатмент Lucky Lock с набором матриц из 4 элементов, высота десны 5 мм, ;114.png;114.png
BoneTrust;абатменты;эстетические;261-344040 CONE PLUS;261-344040-cone-plus;Абатмент Lucky Lock с набором матриц из 4 элементов, высота десны 4 мм, ;113.png;113.png
BoneTrust;абатменты;эстетические;261-344020 CONE PLUS;261-344020-cone-plus;Абатмент Lucky Lock с набором матриц из 4 элементов, высота десны 2 мм, ;111_41_468.png;111_41_468.png
BoneTrust;абатменты;эстетические;261-344010 CONE PLUS;261-344010-cone-plus;Абатмент Lucky Lock с набором матриц из 4 элементов, высота десны 1 мм, ;110.png;110.png
BoneTrust;абатменты;эстетические;261-303030 CONE PLUS;261-303030-cone-plus;Абатмент Lucky Lock с набором матриц из 4 элементов, высота десны 3 мм, ;109.png;109.png
BoneTrust;абатменты;эстетические;261-303010 CONE PLUS;261-303010-cone-plus;Абатмент Lucky Lock с набором матриц из 4 элементов, высота десны 1 мм, ;108.png;108.png
BoneTrust;абатменты;эстетические;260-155005 CONE PLUS;260-155005-cone-plus;Абатмент эстетический 15°, ;104_82_527.png;104_82_527.png
BoneTrust;абатменты;эстетические;260-154005 CONE PLUS;260-154005-cone-plus;Абатмент эстетический 20°, ;104_29_332.png;104_29_332.png
BoneTrust;абатменты;эстетические;260-153405 CONE PLUS;260-153405-cone-plus;Абатмент эстетический 15°, ;104_49_852.png;104_49_852.png
BoneTrust;абатменты;эстетические;260-153005 CONE PLUS;260-153005-cone-plus;Абатмент эстетический 15°, ;104_46_873.png;104_46_873.png
BoneTrust;абатменты;эстетические;260-005005 CONE PLUS;260-005005-cone-plus;Абатмент эстетический 0°, ;102_4_8.png;102_4_8.png
BoneTrust;абатменты;эстетические;260-004005 CONE PLUS;260-004005-cone-plus;Абатмент эстетический 0°, ;102.png;102.png
BoneTrust;абатменты;эстетические;260-003405 CONE PLUS;260-003405-cone-plus;Абатмент эстетический 0°, ;100_68_51.png;100_68_51.png
BoneTrust;абатменты;эстетические;260-003005 CONE PLUS;260-003005-cone-plus;Абатмент эстетический 0°, ;100.png;100.png
BoneTrust;абатменты;эстетические;160-155005 Hex Plus;160-155005-hex-plus;Абатмент эстетический 15°, ;_10_tif_82_645.jpg;_10_tif_82_645.jpg
BoneTrust;абатменты;эстетические;166-103440;166-103440;Абатмент эстетический;44.jpg;44.jpg
BoneTrust;абатменты;эстетические;260-205007 Cone Plus;260-205007-cone-plus;Абатмент Wide Body. Керамическая основа. ;106_69_1.png;106_69_1.png
BoneTrust;абатменты;эстетические;260-204007 Cone Plus;260-204007-cone-plus;Wide Body абатмент. Керамическая основа. ;106.png;106.png
BoneTrust;абатменты;эстетические;160-100010 Hex Plus;160-100010-hex-plus;Винт фиксирующий cтандартный, 10 шт.;28_86_928.jpg;28_86_928.jpg
BoneTrust;абатменты;эстетические;160-100004 Hex Plus;160-100004-hex-plus;Винт фиксирующий стандартный, 4 шт.;28_59_545.jpg;28_59_545.jpg
BoneTrust;абатменты;эстетические;160-100001 Hex Plus;160-100001-hex-plus;Винт фиксирующий стандартный;28.jpg;28.jpg
BoneTrust;абатменты;эстетические;160-203407 Hex Plus;160-203407-hex-plus;Абатмент эстетический 20°, ;kartinka_11.jpg;kartinka_11.jpg
BoneTrust;абатменты;эстетические;160-155025 Hex Plus;160-155025-hex-plus;Абатмент эстетический 15°, ;_10_tif_96_381.jpg;_10_tif_96_381.jpg
BoneTrust;абатменты;эстетические;160-154025 Hex Plus;160-154025-hex-plus;Абатмент эстетический 15°, ;_10_tif_82_406.jpg;_10_tif_82_406.jpg
BoneTrust;абатменты;эстетические;160-154005 Hex Plus;160-154005-hex-plus;Абатмент эстетический 15°, ;_10_tif_67_129.jpg;_10_tif_67_129.jpg
BoneTrust;абатменты;эстетические;160-153425 Hex Plus;160-153425-hex-plus;Абатмент эстетический 15°, ;_10_tif_31_802.jpg;_10_tif_31_802.jpg
BoneTrust;абатменты;эстетические;160-153405 Hex Plus;160-153405-hex-plus;Абатмент эстетический 15°, ;_10_tif_10_595.jpg;_10_tif_10_595.jpg
BoneTrust;абатменты;эстетические;160-153005 Hex Plus;160-153005-hex-plus;Абатмент эстетический 15°, ;_10_tif.jpg;_10_tif.jpg
BoneTrust;абатменты;эстетические;160-005025 Hex Plus;160-005025-hex-plus;Абатмент эстетический 0°, ;_8_tif_65_211.jpg;_8_tif_65_211.jpg
BoneTrust;абатменты;эстетические;160-005005 Hex Plus;160-005005-hex-plus;Абатмент эстетический 0°, ;kartinka_6_68_568.jpg;kartinka_6_68_568.jpg
BoneTrust;абатменты;эстетические;160-004045 Hex Plus;160-004045-hex-plus;Абатмент эстетический 0°, ;_8_tif_21_31.jpg;_8_tif_21_31.jpg
BoneTrust;абатменты;эстетические;160-004025 Hex Plus;160-004025-hex-plus;Абатмент эстетический 0°, ;_8_tif.jpg;_8_tif.jpg
BoneTrust;абатменты;эстетические;160-004005 Hex Plus;160-004005-hex-plus;Абатмент эстетический 0°, ;kartinka_6_2_161.jpg;kartinka_6_2_161.jpg
BoneTrust;абатменты;эстетические;160-003445 Hex Plus;160-003445-hex-plus;Абатмент эстетический 0°, ;kartinka_4.jpg;kartinka_4.jpg
BoneTrust;абатменты;эстетические;160-003425 Hex Plus;160-003425-hex-plus;Абатмент эстетический 0°, ;_5_tif.jpg;_5_tif.jpg
BoneTrust;абатменты;эстетические;160-003405 Hex Plus;160-003405-hex-plus;Абатмент эстетический 0°, ;kartinka_6.jpg;kartinka_6.jpg
BoneTrust;абатменты;эстетические;160-003025 Hex Plus;160-003025-hex-plus;Абатмент эстетический 0°, ;kartinka_2.jpg;kartinka_2.jpg
BoneTrust;абатменты;эстетические;160-003005 Hex Plus;160-003005-hex-plus;Абатмент эстетический 0°, ;kartinka_3.jpg;kartinka_3.jpg
BoneTrust;абатменты;эстетические;160-205007 Hex Plus;160-205007-hex-plus;Wide Body абатмент. Керамическая основа ;_13_tif.jpg;_13_tif.jpg
BoneTrust;абатменты;эстетические;160-204007 Hex Plus;160-204007-hex-plus;Wide Body абатмент. Керамическая основа ;kartinka_12.jpg;kartinka_12.jpg
BoneTrust;абатменты;эстетические;160-005030 Hex Plus;160-005030-hex-plus;Wide Body абатмент 0°, ;kartinka_9.jpg;kartinka_9.jpg
BoneTrust;абатменты;эстетические;160-003430 Hex Plus;160-003430-hex-plus;Wide Body абатмент 0°, ;_7_png.jpg;_7_png.jpg
BoneTrust;абатменты;эстетические;260-203407 Cone Plus;260-203407-cone-plus;Абатмент эстетический 20°, ;104.png;104.png
BoneTrust;абатменты;эстетические;260-155025 Cone Plus;260-155025-cone-plus;Абатмент эстетический 15°, ;105_30_651.png;105_30_651.png
BoneTrust;абатменты;эстетические;260-154025 Cone Plus;260-154025-cone-plus;Абатмент эстетический 15°, ;105_4_995.png;105_4_995.png
BoneTrust;абатменты;эстетические;260-153425 Cone Plus;260-153425-cone-plus;Абатмент эстетический 0°, ;105.png;105.png
BoneTrust;абатменты;эстетические;260-005025 Cone Plus;260-005025-cone-plus;Абатмент эстетический 0°, ;103_38_716.png;103_38_716.png
BoneTrust;абатменты;эстетические;260-004045 Cone Plus;260-004045-cone-plus;Абатмент эстетический 0°, ;kartinka_4_21_486.jpg;kartinka_4_21_486.jpg
BoneTrust;абатменты;эстетические;260-004025 Cone Plus;260-004025-cone-plus;Абатмент эстетический 0°, ;103.png;103.png
BoneTrust;абатменты;эстетические;260-003445 Cone Plus;260-003445-cone-plus;Абатмент эстетический 0°, ;kartinka_4_38_468.jpg;kartinka_4_38_468.jpg
BoneTrust;абатменты;эстетические;260-003425 Cone Plus;260-003425-cone-plus;Абатмент эстетический 0°, ;101_23_296.png;101_23_296.png
BoneTrust;абатменты;эстетические;260-003025 Cone Plus;260-003025-cone-plus;Абатмент эстетический 0°, ;101.png;101.png
BoneTrust;абатменты;эстетические;260-005030 Cone Plus;260-005030-cone-plus;Wide Body абатмент ;kartinka_9_35_750.jpg;kartinka_9_35_750.jpg
BoneTrust;абатменты;эстетические;260-003430 Cone Plus;260-003430-cone-plus;Wide Body абатмент 0°, ;107.png;107.png
BoneTrust;имплантаты;;200-040145 HEX PLUS;200-040145-hex-plus;Имплантат шестигранник ;82_8_289.jpg;82_8_289.jpg
BoneTrust;имплантаты;;200-034145 HEX PLUS;200-034145-hex-plus;Имплантат шестигранник ;81_81_714.jpg;81_81_714.jpg
BoneTrust;имплантаты;;210-050130 Cone Plus;210-050130-cone-plus;Имплантат конус ;83_38_278.jpg;83_38_278.jpg
BoneTrust;имплантаты;;210-050115 Cone Plus;210-050115-cone-plus;Имплантат конус ;83_4_98.jpg;83_4_98.jpg
BoneTrust;имплантаты;;210-050100 Cone Plus;210-050100-cone-plus;Имплантат конус ;83_93_971.jpg;83_93_971.jpg
BoneTrust;имплантаты;;210-050080 Cone Plus;210-050080-cone-plus;Имлантат конус ;83_35_431.jpg;83_35_431.jpg
BoneTrust;имплантаты;;210-050065 Cone Plus;210-050065-cone-plus;Имплантат конус ;83_88_607.jpg;83_88_607.jpg
BoneTrust;имплантаты;;210-040145 Cone Plus;210-040145-cone-plus;Имплантат конус ;82_89_798.jpg;82_89_798.jpg
BoneTrust;имплантаты;;210-040130 Cone Plus;210-040130-cone-plus;Имплантат конус ;82_88_852.jpg;82_88_852.jpg
BoneTrust;имплантаты;;210-040115 Cone Plus;210-040115-cone-plus;Имплантат конус ;82_47_698.jpg;82_47_698.jpg
BoneTrust;имплантаты;;210-040100 Cone Plus;210-040100-cone-plus;Имплантат конус ;82_49_422.jpg;82_49_422.jpg
BoneTrust;имплантаты;;210-040080 Cone Plus;210-040080-cone-plus;Имплантат конус ;82_1_782.jpg;82_1_782.jpg
BoneTrust;имплантаты;;210-040065 Cone Plus;210-040065-cone-plus;Имплантат конус ;82_72_498.jpg;82_72_498.jpg
BoneTrust;имплантаты;;210-034145 Cone Plus;210-034145-cone-plus;Имплантат конус ;81_16_476.jpg;81_16_476.jpg
BoneTrust;имплантаты;;210-034130 Cone Plus;210-034130-cone-plus;Имплантат конус ;81_14_247.jpg;81_14_247.jpg
BoneTrust;имплантаты;;210-034115 Cone Plus;210-034115-cone-plus;Имплантат конус ;81_95_720.jpg;81_95_720.jpg
BoneTrust;имплантаты;;210-034100 Cone Plus;210-034100-cone-plus;Имплантат конус ;81_45_546.jpg;81_45_546.jpg
BoneTrust;имплантаты;;210-034080 Cone Plus;210-034080-cone-plus;Импплантат конус ;81_6_209.jpg;81_6_209.jpg
BoneTrust;имплантаты;;210-034065 Cone Plus;210-034065-cone-plus;Имплантат конус ;81_67_352.jpg;81_67_352.jpg
BoneTrust;имплантаты;;210-030130 Cone Plus;210-030130-cone-plus;Имплантат конус ;80_99_110.jpg;80_99_110.jpg
BoneTrust;имплантаты;;210-030115 Cone Plus;210-030115-cone-plus;Имплантат конус ;80_14_509.jpg;80_14_509.jpg
BoneTrust;имплантаты;;210-050120 Cone Plus Sinus;210-050120-cone-plus-sinus;Имплантат ;kartinka_1_61_625.png;kartinka_1_61_625.png
BoneTrust;имплантаты;;210-040120 Cone Plus Sinus;210-040120-cone-plus-sinus;Имплантат ;kartinka_1_80_605.png;kartinka_1_80_605.png
BoneTrust;имплантаты;;220-030130 One;220-030130-one;Имплантат ;84_53_744.jpg;84_53_744.jpg
BoneTrust;имплантаты;;220-030115 One;220-030115-one;Имплантат ;84.jpg;84.jpg
BoneTrust;имплантаты;;240-023130 mini;240-023130-mini;Имплантат ;93_7_241.jpg;93_7_241.jpg
BoneTrust;имплантаты;;240-023115 mini;240-023115-mini;Имплантат ;93.jpg;93.jpg
BoneTrust;имплантаты;;200-050130 Hex Plus;200-050130-hex-plus;Имплантат шестигранник ;83_73_214.jpg;83_73_214.jpg
BoneTrust;имплантаты;;200-050115 Hex Plus;200-050115-hex-plus;Имплантат шестигранник ;83_53_697.jpg;83_53_697.jpg
BoneTrust;имплантаты;;200-050100 Hex Plus;200-050100-hex-plus;Имплантат шестигранник ;83_47_925.jpg;83_47_925.jpg
BoneTrust;имплантаты;;200-050080 Hex Plus;200-050080-hex-plus;Имплантат шестигранник ;83_22_553.jpg;83_22_553.jpg
BoneTrust;имплантаты;;200-050065 Hex Plus;200-050065-hex-plus;Имплантат шестигранник ;83.jpg;83.jpg
BoneTrust;имплантаты;;200-040115 Hex Plus;200-040115-hex-plus;Имплантат шестигранник ;82_64_255.jpg;82_64_255.jpg
BoneTrust;имплантаты;;200-040100 Hex Plus;200-040100-hex-plus;Имплантат шестигранник ;82_7_989.jpg;82_7_989.jpg
BoneTrust;имплантаты;;200-040080 Hex Plus;200-040080-hex-plus;Имплантат шестигранник ;82_10_291.jpg;82_10_291.jpg
BoneTrust;имплантаты;;200-040065 Hex Plus;200-040065-hex-plus;Имплантат шестигранник ;82.jpg;82.jpg
BoneTrust;имплантаты;;200-034130 Hex Plus;200-034130-hex-plus;Имплантат шестигранник ;81_69_92.jpg;81_69_92.jpg
BoneTrust;имплантаты;;200-034115 Hex Plus;200-034115-hex-plus;Имплантат шестигранник ;81_97_730.jpg;81_97_730.jpg
BoneTrust;имплантаты;;200-034100 Hex Plus;200-034100-hex-plus;Имплантат шестигранник ;81_54_744.jpg;81_54_744.jpg
BoneTrust;имплантаты;;200-034080 Hex Plus;200-034080-hex-plus;Имплантат шестигранник ;81_68_911.jpg;81_68_911.jpg
BoneTrust;имплантаты;;200-034065 Hex Plus;200-034065-hex-plus;Имплантат шестигранник ;81.jpg;81.jpg
BoneTrust;имплантаты;;200-030130 Hex Plus;200-030130-hex-plus;Имплантат шестигранник ;80_32_478.jpg;80_32_478.jpg
BoneTrust;имплантаты;;200-030115 Hex Plus;200-030115-hex-plus;Имплантат шестигранник ;80.jpg;80.jpg
BoneTrust;имплантаты;;200-040130 Hex Plus;200-040130-hex-plus;Имплантат шестигранник ;82_91_991.jpg;82_91_991.jpg
BoneTrust;имплантаты;;100-050120 Sinus;100-050120-sinus;Имплантат ;kartinka_1.png;kartinka_1.png
BoneTrust;имплантаты;;100-040120 Sinus;100-040120-sinus;Имплантат ;kartinka_1_2105944553.jpg;kartinka_1_2105944553.jpg
BoneTrust;ортопедия;;165-344057 Cone Plus;165-344057-cone-plus;Винт фиксирующий;39_95_864.jpg;39_95_864.jpg
BoneTrust;планшет и инструменты;;190-300410 Поднос;190-300410-podnos;Поднос хирургический без оборудования ;rmt7978915911952322488.jpg;rmt7978915911952322488.jpg
BoneTrust;планшет и инструменты;;190-101201;190-101201;Отвертка шестиугольная средняя для  установки абатмента в имплант;rmt1546547001776027595.jpg;rmt1546547001776027595.jpg
BoneTrust;планшет и инструменты;;190-101202;190-101202;Отвертка шестиугольная короткая для установки абатмента в имплант;rmt470433805188994032.jpg;rmt470433805188994032.jpg
BoneTrust;планшет и инструменты;;190-303040;190-303040;Отвертка Easy Screw разработки д-ра Дж. Байера, Ландсберг.;79.jpg;79.jpg
BoneTrust;планшет и инструменты;;190-300335 Набор;190-300335-nabor;Набор инструментов для протезирования на лотке.;78_48_175.jpg;78_48_175.jpg
BoneTrust;планшет и инструменты;;190-300334 Набор;190-300334-nabor;Набор инструментов для протезирования на лотке;78.jpg;78.jpg
BoneTrust;планшет и инструменты;;190-300310 Набор;190-300310-nabor;Набор инструментов для имплантологии ;rmt19701226641896885446.jpg;rmt19701226641896885446.jpg
BoneTrust;планшет и инструменты;;190-300300 Набор;190-300300-nabor;Набор инструментов для имплантологии;77_converted.jpg;77_converted.jpg
BoneTrust;планшет и инструменты;;190-300191 Набор;190-300191-nabor;Набор демонстрационный ;rmt6213571321869874944.jpg;rmt6213571321869874944.jpg
BoneTrust;планшет и инструменты;;190-303050 Ключ;190-303050-kluch;Ключ динамометрический для установки имплантов ;rmt514420322185337259.jpg;rmt514420322185337259.jpg
BoneTrust;планшет и инструменты;;190-101220;190-101220;Инструмент для завинчивания Direct для 0°-го абатмента;rmt2288927051727451261.jpg;rmt2288927051727451261.jpg
BoneTrust;планшет и инструменты;;190-301700 Глубиномер;190-301700-glubinometr;Инструмент для контроля над глубиной сверления под имплант;prothetiktray_instrumente_460x3803_42_524.jpg;prothetiktray_instrumente_460x3803_42_524.jpg
BoneTrust;сверла;;191-001200;191-001200;Сверло маркировочное 1,2 мм;rmt45700525875079114.jpg;rmt45700525875079114.jpg
BoneTrust;сверла;;191-004250;191-004250;Сверло 4,25 мм. для предварительного сверления;rmt1394278148445220273.jpg;rmt1394278148445220273.jpg
BoneTrust;сверла;;191-003250;191-003250;Сверло 3,25 мм. для предварительного сверления;rmt6110408851867222034.jpg;rmt6110408851867222034.jpg
BoneTrust;сверла;;191-003100;191-003100;Сверло 3,1 мм. для предварительного сверления;rmt2972549331530136313.jpg;rmt2972549331530136313.jpg
BoneTrust;сверла;;191-002800;191-002800;Сверло 2,8 мм. для предварительного сверления;rmt21144595202119226505.jpg;rmt21144595202119226505.jpg
BoneTrust;сверла;;191-002000;191-002000;Сверло 2 мм. для предварительного сверления;rmt2598372381724242451.jpg;rmt2598372381724242451.jpg
BoneTrust;сверла;;191-500500 Набор;191-500500-nabor;Сверлильный стоп, набор из 15 частей;rmt2017148008226803423.jpg;rmt2017148008226803423.jpg
BoneTrust;трансферы;;280-153400 CONE PLUS;280-153400-cone-plus;Слепочный трансфер для закрытой ложки с винтом и колпачком, длинный, ;138.jpg;138.jpg
BoneTrust;трансферы;;180-255000 HEX PLUS;180-255000-hex-plus;Слепочный трансфер для открытой ложки с фиксирующим винтом, длинный, ;72_83_233.jpg;72_83_233.jpg
BoneTrust;трансферы;;180-254000 HEX PLUS;180-254000-hex-plus;Слепочный трансфер для открытой ложки с фиксирующим винтом, длинный,  ;72_87_292.jpg;72_87_292.jpg
BoneTrust;трансферы;;180-155000 HEX PLUS;180-155000-hex-plus;Слепочный трансфер для закрытой ложки с винтом и колпачком, длинный ;68_15_660.jpg;68_15_660.jpg
BoneTrust;трансферы;;180-154000 HEX PLUS;180-154000-hex-plus;Слепочный трансфер для закрытой ложки с винтом и колпачком, длинный, ;68_52_387.jpg;68_52_387.jpg
BoneTrust;трансферы;;180-153400 HEX PLUS;180-153400-hex-plus;Слепочный трансфер для закрытой ложки с винтом и колпачком, длинный, ;68.jpg;68.jpg
BoneTrust;трансферы;;180-253400 Hex Plus;180-253400-hex-plus;Слепочный трансфер операционный ;72_39_264.jpg;72_39_264.jpg
BoneTrust;трансферы;;180-253000 Hex Plus;180-253000-hex-plus;Слепочный трансфер операционный ;72.jpg;72.jpg
BoneTrust;трансферы;;180-205000 Hex Plus;180-205000-hex-plus;Слепочный трансфер операционный ;71_29_557.jpg;71_29_557.jpg
BoneTrust;трансферы;;180-204000 Hex Plus;180-204000-hex-plus;Слепочный трансфер операционный ;71_14_763.jpg;71_14_763.jpg
BoneTrust;трансферы;;180-203400 Hex Plus;180-203400-hex-plus;Слепочный трансфер операционный ;71_34_26.jpg;71_34_26.jpg
BoneTrust;трансферы;;180-203000 Hex Plus;180-203000-hex-plus;Слепочный трансфер операционный ;71.jpg;71.jpg
BoneTrust;трансферы;;180-105000 Hex Plus;180-105000-hex-plus;По технологии „Pепозиционирование“ ;67_66_512.jpg;67_66_512.jpg
BoneTrust;трансферы;;180-104000 Hex Plus;180-104000-hex-plus;По технологии „Pепозиционирование“ ;67_60_317.jpg;67_60_317.jpg
BoneTrust;трансферы;;180-103400 Hex Plus;180-103400-hex-plus;По технологии „Pепозиционирование“ ;67_84_355.jpg;67_84_355.jpg
BoneTrust;трансферы;;180-103000 Hex Plus;180-103000-hex-plus;По технологии „Pепозиционирование“ ;67.jpg;67.jpg
BoneTrust;трансферы;;180-101550 Hex Plus;180-101550-hex-plus;Слепочный колпачок ;66_75_445.png;66_75_445.png
BoneTrust;трансферы;;180-101540 Hex Plus;180-101540-hex-plus;Слепочный колпачок ;66_20_6.png;66_20_6.png
BoneTrust;трансферы;;180-101534 Hex Plus;180-101534-hex-plus;Слепочный колпачок ;66_74_833.png;66_74_833.png
BoneTrust;трансферы;;180-101530 Hex Plus;180-101530-hex-plus;Слепочный колпачок ;66.png;66.png
BoneTrust;трансферы;;185-030000 Hex Plus;185-030000-hex-plus;Аналог имплантата титановый лабораторный, ;73.jpg;73.jpg
BoneTrust;трансферы;;185-050000 Hex Plus;185-050000-hex-plus;Аналог имплантата титановый лабораторный, ;75.jpg;75.jpg
BoneTrust;трансферы;;185-040000 Hex Plus;185-040000-hex-plus;Аналог имплантата титановый лабораторный, ;76.jpg;76.jpg
BoneTrust;трансферы;;185-034000 Hex Plus;185-034000-hex-plus;Аналог имплантата титановый лабораторный, ;74.jpg;74.jpg
BoneTrust;трансферы;;180-252250 Hex Plus;180-252250-hex-plus;Длинный фиксирующий винт операционный, 27.5 мм;70.jpg;70.jpg
BoneTrust;трансферы;;180-201750 Hex Plus;180-201750-hex-plus;Короткий фиксирующий винт операционный, 18.5 мм;69.jpg;69.jpg
BoneTrust;трансферы;;285-050000 Cone Plus;285-050000-cone-plus;Лабораторный аналог имплантата, ;76_59_745.jpg;76_59_745.jpg
BoneTrust;трансферы;;285-040000 Cone Plus;285-040000-cone-plus;Лабораторный аналог имплантата, ;75_20_540.jpg;75_20_540.jpg
BoneTrust;трансферы;;285-034000 Cone Plus;285-034000-cone-plus;Лабораторный аналог имплантата, ;74_44_565.jpg;74_44_565.jpg
BoneTrust;трансферы;;285-030000 Cone Plus;285-030000-cone-plus;Лабораторный аналог имплантата, ;73_60_655.jpg;73_60_655.jpg
BoneTrust;трансферы;;280-253400 Cone Plus;280-253400-cone-plus;Слепочный трансфер операционный. ;72_99_551.jpg;72_99_551.jpg
BoneTrust;трансферы;;280-253000 Cone Plus;280-253000-cone-plus;Слепочный трансфер по технологии „Pепозиционирование“. ;72_26_345.jpg;72_26_345.jpg
BoneTrust;трансферы;;280-205000 Cone Plus;280-205000-cone-plus;Слепочный трансфер операционный. ;139_83_327.png;139_83_327.png
BoneTrust;трансферы;;280-204000 Cone Plus;280-204000-cone-plus;Слепочный трансфер операционный. ;139_56_200.png;139_56_200.png
BoneTrust;трансферы;;280-203400 Cone Plus;280-203400-cone-plus;Слепочный трансфер операционный. ;139_99_16.png;139_99_16.png
BoneTrust;трансферы;;280-203000 Cone Plus;280-203000-cone-plus;Слепочный трансфер операционный cone+ ;139.png;139.png
BoneTrust;трансферы;;280-105000 Cone Plus;280-105000-cone-plus;Слепочный трансфер по технологии „Pепозиционирование“. ;67_80_414.jpg;67_80_414.jpg
BoneTrust;трансферы;;280-104000 Cone Plus;280-104000-cone-plus;Слепочный трансфер по технологии „Pепозиционирование“. ;67_84_636.jpg;67_84_636.jpg
BoneTrust;трансферы;;280-103400 Cone Plus;280-103400-cone-plus;Слепочный трансфер по технологии „Pепозиционирование“. ;67_50_553.jpg;67_50_553.jpg
BoneTrust;трансферы;;280-103000 Cone Plus;280-103000-cone-plus;Слепочный трансфер по технологии „Pепозиционирование“. ;67_76_835.jpg;67_76_835.jpg
BoneTrust Mini;инструменты;;191-001300 MINI;191-001300-mini;Сверло для предварительного сверления 1,3 мм ;rmt492349266273713751.jpg;rmt492349266273713751.jpg
BoneTrust Mini;инструменты;;190-101209 MINI;190-101209-mini;Отвертка шестигранная 0,9 мм ;rmt1536872999778978588.jpg;rmt1536872999778978588.jpg
BoneTrust Mini;инструменты;;190-101250 mini;190-101250-mini;Имплантоввод, инструмент для установки колена/переходника;prothetiktray_instrumente_460x3803.jpg;prothetiktray_instrumente_460x3803.jpg
